route_name,model,coverage_error,avg_interval_width,MAE,MAPE,R2_Score
SER_1dfa_start_aggregated.csv,LightGBM,0.008,101.07,23.847,0.167,0.889
SER_533e_start_aggregated.csv,LightGBM,0.001,48.912,12.117,0.327,0.741
SER_9d69_start_aggregated.csv,LightGBM,-0.011,57.775,14.739,0.292,0.816
SER_4d01_start_aggregated.csv,LightGBM,0.017,38.599,8.801,0.232,0.811
SER_8241_start_aggregated.csv,LightGBM,0.004,63.433,14.964,0.254,0.852
SER_0705_start_aggregated.csv,LightGBM,0.012,37.852,9.358,0.899,0.5
SER_8117_start_aggregated.csv,LightGBM,0.011,79.147,17.692,0.185,0.899
SER_4a44_start_aggregated.csv,LightGBM,-0.007,64.322,16.228,0.215,0.889
SER_d6e5_start_aggregated.csv,LightGBM,0.029,55.885,12.489,0.233,0.952
SER_ea68_start_aggregated.csv,LightGBM,-0.037,27.942,7.403,0.765,0.745
SER_81f2_start_aggregated.csv,LightGBM,-0.193,20.163,6.727,1.371,0.305
SER_7244_start_aggregated.csv,LightGBM,-0.003,79.614,19.2,0.201,0.868
SER_bf31_return_aggregated.csv,LightGBM,0.076,40.606,7.421,0.344,0.45
SER_058d_start_aggregated.csv,LightGBM,-0.0,91.836,21.657,0.188,0.891
SER_4ac1_start_aggregated.csv,LightGBM,0.01,93.507,21.819,0.257,0.848
SER_482d_start_aggregated.csv,LightGBM,0.015,88.892,20.122,0.184,0.899
SER_d6a4_start_aggregated.csv,LightGBM,0.011,71.168,16.5,0.235,0.747
SER_83ea_start_aggregated.csv,LightGBM,0.088,48.679,9.623,0.264,0.882
SER_376e_start_aggregated.csv,LightGBM,-0.039,60.217,15.93,1.108,0.454
SER_dae4_start_aggregated.csv,LightGBM,-0.001,50.319,12.0,0.215,0.831
SER_8d27_return_aggregated.csv,LightGBM,-0.015,55.499,14.148,0.196,0.817
SER_09a1_start_aggregated.csv,LightGBM,-0.002,37.2,9.222,0.291,0.672
SER_52f1_start_aggregated.csv,LightGBM,0.006,98.131,23.219,0.277,0.818
SER_8ae4_start_aggregated.csv,LightGBM,0.003,102.249,23.556,0.147,0.908
SER_ab62_start_aggregated.csv,LightGBM,0.02,93.525,21.925,1.671,0.348
SER_c0f6_return_aggregated.csv,LightGBM,0.071,43.318,7.848,2.437,0.62
SER_e786_start_aggregated.csv,LightGBM,0.014,33.039,7.547,0.413,0.868
SER_0a92_start_aggregated.csv,LightGBM,0.022,47.335,10.415,0.741,0.407
SER_7cb6_start_aggregated.csv,LightGBM,0.019,118.015,26.529,0.151,0.895
SER_9c95_start_aggregated.csv,LightGBM,-0.015,82.278,22.126,1.272,0.312
SER_a68b_start_aggregated.csv,LightGBM,0.013,81.611,18.986,0.177,0.871
SER_cf98_start_aggregated.csv,LightGBM,-0.011,61.97,15.589,0.288,0.711
SER_6208_start_aggregated.csv,LightGBM,-0.009,50.009,12.329,0.231,0.928
SER_86e5_start_aggregated.csv,LightGBM,0.027,83.377,18.185,0.285,0.882
SER_2ac8_start_aggregated.csv,LightGBM,0.001,48.149,11.579,0.251,0.756
SER_d2ca_start_aggregated.csv,LightGBM,-0.054,36.244,6.715,1.284,0.346
SER_870d_start_aggregated.csv,LightGBM,-0.046,25.27,6.256,0.954,0.345
SER_6af1_start_aggregated.csv,LightGBM,-0.011,114.344,27.624,0.215,0.88
SER_8c1f_return_aggregated.csv,LightGBM,0.013,82.547,19.334,0.149,0.901
SER_4a85_start_aggregated.csv,LightGBM,0.005,68.14,15.927,0.186,0.867
SER_0353_start_aggregated.csv,LightGBM,0.008,111.656,26.628,0.629,0.423
SER_5c17_return_aggregated.csv,LightGBM,-0.029,30.507,7.486,1.613,0.438
SER_3d32_return_aggregated.csv,LightGBM,0.011,56.958,12.751,0.235,0.846
SER_624b_return_aggregated.csv,LightGBM,0.012,91.152,21.53,0.2,0.873
SER_92a6_return_aggregated.csv,LightGBM,-0.031,28.045,5.653,0.7,0.819
SER_c6f3_start_aggregated.csv,LightGBM,0.013,81.011,19.273,0.196,0.838
SER_9377_return_aggregated.csv,LightGBM,0.059,23.606,4.262,0.616,0.751
SER_b155_start_aggregated.csv,LightGBM,-0.01,67.531,16.582,0.212,0.818
SER_f34f_start_aggregated.csv,LightGBM,0.016,25.018,5.348,0.663,0.833
SER_9f14_start_aggregated.csv,LightGBM,0.009,75.248,17.511,0.37,0.834
SER_cc93_start_aggregated.csv,LightGBM,-0.01,61.103,16.03,1.64,0.151
SER_8952_start_aggregated.csv,LightGBM,-0.006,39.474,9.659,0.258,0.728
SER_966f_start_aggregated.csv,LightGBM,-0.005,16.242,4.245,0.684,0.354
SER_7045_start_aggregated.csv,LightGBM,0.004,92.561,22.191,0.171,0.904
SER_031b_start_aggregated.csv,LightGBM,0.006,91.595,21.747,0.158,0.902
SER_749f_start_aggregated.csv,LightGBM,0.009,97.697,22.798,0.14,0.887
SER_ce7d_return_aggregated.csv,LightGBM,0.008,51.391,12.169,0.192,0.852
SER_50b4_start_aggregated.csv,LightGBM,0.001,96.801,21.395,0.801,0.882
SER_be47_return_aggregated.csv,LightGBM,-0.0,89.188,21.85,0.146,0.905
SER_a30f_start_aggregated.csv,LightGBM,0.007,78.091,18.404,0.262,0.759
SER_e888_start_aggregated.csv,LightGBM,0.01,67.753,15.561,0.188,0.884
SER_f989_return_aggregated.csv,LightGBM,0.007,22.616,4.722,0.445,0.713
SER_3d32_start_aggregated.csv,LightGBM,0.016,65.793,15.027,0.201,0.841
SER_38d6_return_aggregated.csv,LightGBM,-0.02,54.704,14.214,0.235,0.762
SER_fa88_start_aggregated.csv,LightGBM,0.011,111.387,24.39,0.194,0.863
SER_6706_start_aggregated.csv,LightGBM,0.005,112.765,25.822,0.129,0.903
SER_2c7d_start_aggregated.csv,LightGBM,0.012,40.956,9.718,0.275,0.571
SER_9d2b_start_aggregated.csv,LightGBM,0.003,29.283,7.199,0.663,0.597
SER_a726_start_aggregated.csv,LightGBM,-0.012,26.844,7.182,0.837,0.618
SER_9b3a_start_aggregated.csv,LightGBM,0.014,84.534,17.021,0.501,0.554
SER_684f_start_aggregated.csv,LightGBM,-0.017,48.157,11.601,0.456,0.895
SER_03cd_start_aggregated.csv,LightGBM,0.011,56.219,13.441,0.751,0.879
SER_6f4b_start_aggregated.csv,LightGBM,0.003,90.999,21.825,0.167,0.863
SER_bc06_start_aggregated.csv,LightGBM,0.022,99.302,22.877,0.282,0.784
SER_eb62_start_aggregated.csv,LightGBM,0.016,109.12,24.338,0.228,0.918
SER_303c_start_aggregated.csv,LightGBM,-0.007,33.571,8.232,0.268,0.715
SER_4397_start_aggregated.csv,LightGBM,0.002,81.299,19.095,0.213,0.792
SER_6851_start_aggregated.csv,LightGBM,-0.01,61.917,15.807,0.261,0.798
SER_38b2_return_aggregated.csv,LightGBM,0.001,87.764,20.378,0.217,0.868
SER_031b_return_aggregated.csv,LightGBM,0.013,99.23,22.61,0.151,0.897
SER_15a2_start_aggregated.csv,LightGBM,0.017,53.51,12.635,0.238,0.789
SER_d6d8_start_aggregated.csv,LightGBM,0.002,43.012,10.394,0.25,0.873
SER_02f9_start_aggregated.csv,LightGBM,0.013,117.573,27.945,0.16,0.888
SER_8cd2_start_aggregated.csv,LightGBM,-0.025,48.241,11.241,0.422,0.851
SER_a5cc_start_aggregated.csv,LightGBM,-0.005,124.742,30.145,0.395,0.862
SER_bb66_start_aggregated.csv,LightGBM,0.001,66.456,16.071,0.177,0.833
SER_0f8e_start_aggregated.csv,LightGBM,0.033,66.026,14.444,0.227,0.903
SER_f0cc_start_aggregated.csv,LightGBM,-0.012,75.725,18.043,0.184,0.882
SER_a3f4_start_aggregated.csv,LightGBM,-0.045,37.32,10.535,1.645,0.54
SER_bdd2_return_aggregated.csv,LightGBM,0.008,75.619,17.576,0.184,0.924
SER_e370_start_aggregated.csv,LightGBM,0.041,27.791,7.232,0.668,0.729
SER_8b94_return_aggregated.csv,LightGBM,-0.017,106.849,26.376,0.197,0.877
SER_c6f3_return_aggregated.csv,LightGBM,0.01,18.498,2.926,0.813,0.197
SER_9e11_start_aggregated.csv,LightGBM,0.007,42.444,10.387,0.208,0.796
SER_dac5_start_aggregated.csv,LightGBM,-0.01,59.761,14.827,0.224,0.755
SER_da4e_start_aggregated.csv,LightGBM,0.018,129.304,28.62,0.138,0.919
SER_f328_start_aggregated.csv,LightGBM,-0.002,123.75,29.448,0.174,0.895
SER_e29c_return_aggregated.csv,LightGBM,0.004,60.694,14.883,0.228,0.783
SER_cb51_return_aggregated.csv,LightGBM,0.021,48.697,10.384,1.134,0.784
SER_d6f0_return_aggregated.csv,LightGBM,0.021,95.956,21.823,0.212,0.841
SER_f369_start_aggregated.csv,LightGBM,-0.008,43.076,10.468,0.288,0.905
SER_fc9e_return_aggregated.csv,LightGBM,-0.082,21.57,6.355,2.674,0.646
SER_c60a_start_aggregated.csv,LightGBM,-0.006,98.097,24.089,0.44,0.644
SER_d029_return_aggregated.csv,LightGBM,0.013,78.384,18.441,0.196,0.884
SER_0e17_start_aggregated.csv,LightGBM,0.003,85.985,20.639,0.216,0.784
SER_ea4b_start_aggregated.csv,LightGBM,0.015,73.532,16.818,0.491,0.78
SER_2747_start_aggregated.csv,LightGBM,-0.021,25.603,8.436,0.911,0.69
SER_79d6_start_aggregated.csv,LightGBM,0.015,66.203,15.655,0.265,0.75
SER_a0d1_start_aggregated.csv,LightGBM,0.015,73.712,16.817,0.225,0.893
SER_98a3_start_aggregated.csv,LightGBM,0.016,94.534,21.7,0.231,0.921
SER_b17e_start_aggregated.csv,LightGBM,0.016,74.524,16.712,0.208,0.849
SER_0fec_return_aggregated.csv,LightGBM,0.009,44.565,10.843,0.252,0.797
SER_785f_start_aggregated.csv,LightGBM,-0.016,68.822,17.122,0.21,0.835
SER_a2cc_start_aggregated.csv,LightGBM,-0.006,102.376,25.149,0.224,0.836
SER_9f48_start_aggregated.csv,LightGBM,0.003,50.638,12.053,0.498,0.917
SER_67e6_start_aggregated.csv,LightGBM,-0.02,22.736,6.174,0.972,0.257
SER_dbae_start_aggregated.csv,LightGBM,0.004,44.056,10.307,0.223,0.633
SER_a207_start_aggregated.csv,LightGBM,0.024,32.539,7.326,0.341,0.805
SER_349c_start_aggregated.csv,LightGBM,0.006,92.315,22.338,0.204,0.918
SER_4737_start_aggregated.csv,LightGBM,-0.009,20.077,5.077,0.65,0.562
SER_c75c_start_aggregated.csv,LightGBM,0.011,87.88,20.837,0.188,0.857
SER_964c_start_aggregated.csv,LightGBM,-0.011,54.379,13.977,0.249,0.86
SER_5646_return_aggregated.csv,LightGBM,0.005,70.888,20.706,3.06,0.023
SER_9f6c_return_aggregated.csv,LightGBM,0.1,50.512,9.548,1.296,0.103
SER_80c3_return_aggregated.csv,LightGBM,-0.021,85.525,21.409,0.257,0.845
SER_d62a_return_aggregated.csv,LightGBM,-0.125,16.281,5.751,0.35,0.393
SER_24be_return_aggregated.csv,LightGBM,-0.013,34.494,9.283,0.684,0.397
SER_f57e_start_aggregated.csv,LightGBM,0.022,92.635,20.159,0.18,0.93
SER_24be_start_aggregated.csv,LightGBM,-0.001,15.109,3.118,0.302,0.947
SER_d558_return_aggregated.csv,LightGBM,0.013,24.19,6.048,1.217,0.412
SER_ea68_return_aggregated.csv,LightGBM,-0.068,24.287,7.312,0.548,0.674
SER_7058_start_aggregated.csv,LightGBM,0.027,60.132,13.676,1.093,0.357
SER_92a6_start_aggregated.csv,LightGBM,0.054,51.551,10.822,2.552,0.775
SER_73d3_start_aggregated.csv,LightGBM,-0.005,59.766,14.625,0.43,0.807
SER_5de6_start_aggregated.csv,LightGBM,-0.031,6.416,1.979,0.622,-0.02
SER_ff5a_start_aggregated.csv,LightGBM,0.025,88.875,18.859,0.214,0.947
SER_2f1d_start_aggregated.csv,LightGBM,0.004,105.385,24.169,0.251,0.881
SER_5f12_return_aggregated.csv,LightGBM,-0.128,29.527,9.278,1.356,0.248
SER_bc52_return_aggregated.csv,LightGBM,0.018,73.462,16.997,0.24,0.768
SER_51d0_start_aggregated.csv,LightGBM,-0.002,51.143,11.467,0.374,0.547
SER_5646_start_aggregated.csv,LightGBM,-0.03,24.176,7.114,1.296,0.067
SER_91be_start_aggregated.csv,LightGBM,-0.01,24.991,6.717,1.001,0.518
SER_81b8_start_aggregated.csv,LightGBM,0.02,105.163,23.394,0.239,0.94
SER_620c_start_aggregated.csv,LightGBM,0.005,49.862,11.673,0.209,0.843
SER_6b51_return_aggregated.csv,LightGBM,0.019,86.612,19.552,0.174,0.869
SER_482d_return_aggregated.csv,LightGBM,0.006,86.95,20.473,0.187,0.879
SER_06f2_start_aggregated.csv,LightGBM,-0.073,45.191,12.502,1.104,0.401
SER_6ffb_return_aggregated.csv,LightGBM,0.014,83.718,19.84,0.208,0.868
SER_38b2_start_aggregated.csv,LightGBM,0.006,87.719,20.733,0.23,0.882
SER_12f2_return_aggregated.csv,LightGBM,-0.033,17.47,4.337,1.028,0.371
SER_9ae2_start_aggregated.csv,LightGBM,0.01,31.925,7.654,0.331,0.516
SER_0fd4_return_aggregated.csv,LightGBM,0.001,59.902,14.137,0.206,0.806
SER_d4ee_start_aggregated.csv,LightGBM,0.017,72.535,16.158,0.17,0.819
SER_624b_start_aggregated.csv,LightGBM,0.001,85.572,19.708,0.24,0.867
SER_f989_start_aggregated.csv,LightGBM,0.014,16.868,3.204,0.192,0.956
SER_108c_start_aggregated.csv,LightGBM,-0.013,92.756,23.358,0.161,0.886
SER_dce1_start_aggregated.csv,LightGBM,0.035,79.537,18.195,2.146,0.421
SER_be47_start_aggregated.csv,LightGBM,-0.01,88.74,21.887,0.173,0.896
SER_6aff_return_aggregated.csv,LightGBM,0.011,60.371,14.035,0.176,0.852
SER_d3bc_start_aggregated.csv,LightGBM,-0.018,67.644,19.85,3.598,-0.07
SER_835c_start_aggregated.csv,LightGBM,0.0,108.508,25.483,0.354,0.942
SER_9b87_start_aggregated.csv,LightGBM,0.003,109.936,26.103,0.14,0.903
SER_6f4b_return_aggregated.csv,LightGBM,-0.005,96.5,23.838,0.174,0.863
SER_c837_start_aggregated.csv,LightGBM,0.011,56.306,13.142,0.202,0.884
SER_3097_start_aggregated.csv,LightGBM,0.017,49.425,11.266,0.226,0.849
SER_4c05_start_aggregated.csv,LightGBM,0.066,33.808,5.418,1.284,0.08
SER_b7c7_start_aggregated.csv,LightGBM,-0.005,11.195,3.047,0.689,0.326
SER_4936_start_aggregated.csv,LightGBM,-0.114,35.223,9.986,1.841,0.34
SER_81f2_return_aggregated.csv,LightGBM,-0.011,19.568,5.742,2.757,-0.156
SER_02d2_start_aggregated.csv,LightGBM,0.01,102.573,24.382,0.163,0.915
SER_99ee_return_aggregated.csv,LightGBM,0.02,37.237,8.476,0.469,0.8
SER_1367_start_aggregated.csv,LightGBM,-0.001,101.667,24.294,0.19,0.821
SER_7ed8_start_aggregated.csv,LightGBM,-0.001,61.922,14.883,0.206,0.815
SER_9f6c_start_aggregated.csv,LightGBM,0.023,23.3,5.679,0.34,0.774
SER_8c1f_start_aggregated.csv,LightGBM,-0.002,90.188,21.208,0.15,0.886
SER_03cd_return_aggregated.csv,LightGBM,-0.002,53.456,11.576,0.711,0.825
SER_c3ea_start_aggregated.csv,LightGBM,-0.018,56.319,14.184,0.26,0.778
SER_76a5_start_aggregated.csv,LightGBM,0.01,75.529,17.631,0.18,0.865
SER_6121_return_aggregated.csv,LightGBM,0.008,84.873,19.641,0.216,0.845
SER_fe50_start_aggregated.csv,LightGBM,-0.0,47.471,11.631,0.223,0.75
SER_d3b9_start_aggregated.csv,LightGBM,-0.012,61.529,15.067,0.776,0.494
SER_1d28_start_aggregated.csv,LightGBM,-0.002,115.831,26.941,0.134,0.89
SER_89aa_start_aggregated.csv,LightGBM,0.022,68.248,15.417,0.167,0.772
SER_9ae8_start_aggregated.csv,LightGBM,-0.05,45.332,15.478,0.774,0.342
SER_7a61_start_aggregated.csv,LightGBM,0.007,61.825,14.401,0.256,0.879
SER_27ba_start_aggregated.csv,LightGBM,-0.004,35.2,9.039,0.313,0.863
SER_e629_start_aggregated.csv,LightGBM,0.01,87.802,19.971,0.147,0.908
SER_aea9_start_aggregated.csv,LightGBM,0.009,67.676,15.979,0.274,0.698
SER_3fdb_start_aggregated.csv,LightGBM,0.009,94.028,21.599,0.221,0.839
SER_d2f4_return_aggregated.csv,LightGBM,0.014,65.326,15.081,0.179,0.849
SER_4a44_return_aggregated.csv,LightGBM,-0.022,52.809,12.695,0.414,0.831
SER_8aad_start_aggregated.csv,LightGBM,0.062,141.555,24.351,0.682,0.762
SER_09ea_start_aggregated.csv,LightGBM,0.062,21.923,3.869,0.778,0.848
SER_9801_return_aggregated.csv,LightGBM,0.002,57.586,13.919,0.217,0.807
SER_9ae8_return_aggregated.csv,LightGBM,0.062,30.293,6.272,0.957,0.543
SER_c4ff_start_aggregated.csv,LightGBM,0.001,63.705,15.394,1.119,0.147
SER_61a2_start_aggregated.csv,LightGBM,0.004,57.502,13.629,0.221,0.861
SER_2811_start_aggregated.csv,LightGBM,-0.017,50.079,12.607,0.329,0.834
SER_ad48_start_aggregated.csv,LightGBM,-0.02,51.83,13.412,0.338,0.681
SER_bfa7_start_aggregated.csv,LightGBM,-0.033,77.008,19.155,0.807,0.872
SER_0aa5_start_aggregated.csv,LightGBM,-0.007,112.204,28.053,0.435,0.852
SER_7f56_start_aggregated.csv,LightGBM,0.003,64.245,14.994,0.253,0.824
SER_1a11_start_aggregated.csv,LightGBM,-0.011,44.691,11.011,0.325,0.806
SER_bcaf_start_aggregated.csv,LightGBM,-0.014,133.161,33.175,0.188,0.921
SER_1c6c_start_aggregated.csv,LightGBM,0.004,30.681,7.256,0.335,0.731
SER_3513_start_aggregated.csv,LightGBM,-0.016,68.136,16.903,0.236,0.789
SER_69f5_start_aggregated.csv,LightGBM,0.025,53.543,12.523,0.296,0.892
SER_67c9_start_aggregated.csv,LightGBM,-0.016,54.781,14.08,0.478,0.5
SER_b494_start_aggregated.csv,LightGBM,0.005,54.238,13.092,0.24,0.78
SER_48a1_start_aggregated.csv,LightGBM,0.016,28.208,6.705,0.366,0.614
SER_91a7_start_aggregated.csv,LightGBM,-0.025,8.396,2.297,0.695,0.289
SER_d62a_start_aggregated.csv,LightGBM,-0.029,46.444,8.854,0.698,0.768
SER_0a2d_start_aggregated.csv,LightGBM,0.002,63.747,15.256,0.204,0.878
SER_313c_start_aggregated.csv,LightGBM,0.026,81.272,17.889,0.189,0.874
SER_cec0_start_aggregated.csv,LightGBM,-0.005,23.815,6.763,0.955,0.329
SER_4c97_start_aggregated.csv,LightGBM,-0.013,47.266,11.713,0.368,0.873
SER_36eb_return_aggregated.csv,LightGBM,0.008,53.394,12.747,0.222,0.82
SER_09ea_return_aggregated.csv,LightGBM,-0.15,23.111,8.745,1.471,0.115
SER_f74e_return_aggregated.csv,LightGBM,0.027,77.479,16.596,0.229,0.838
SER_d473_return_aggregated.csv,LightGBM,0.024,107.66,23.29,0.211,0.877
SER_41e5_start_aggregated.csv,LightGBM,0.019,82.42,18.877,0.177,0.84
SER_a5d4_start_aggregated.csv,LightGBM,0.015,33.633,8.564,0.952,0.246
SER_bf31_start_aggregated.csv,LightGBM,0.085,47.295,7.503,0.578,0.733
SER_38d6_start_aggregated.csv,LightGBM,-0.016,50.14,12.698,0.173,0.887
SER_d558_start_aggregated.csv,LightGBM,-0.005,18.665,4.728,0.789,0.527
SER_eb1e_start_aggregated.csv,LightGBM,0.012,92.278,22.223,0.189,0.848
SER_6b51_start_aggregated.csv,LightGBM,0.014,86.062,19.525,0.187,0.852
SER_9b15_start_aggregated.csv,LightGBM,-0.015,49.542,12.376,0.224,0.76
SER_e0f0_start_aggregated.csv,LightGBM,-0.016,76.754,19.592,0.257,0.873
SER_c7e6_return_aggregated.csv,LightGBM,0.067,22.918,3.674,0.312,0.78
SER_70d4_return_aggregated.csv,LightGBM,0.026,77.496,17.537,0.236,0.771
SER_f747_start_aggregated.csv,LightGBM,0.001,79.975,18.883,0.235,0.859
SER_584f_start_aggregated.csv,LightGBM,0.007,46.885,11.219,0.442,0.524
SER_ad57_return_aggregated.csv,LightGBM,-0.007,78.02,19.068,0.166,0.903
SER_51e8_start_aggregated.csv,LightGBM,-0.006,36.104,9.129,0.326,0.745
SER_eeca_return_aggregated.csv,LightGBM,-0.001,65.181,15.359,0.184,0.833
SER_3038_start_aggregated.csv,LightGBM,0.019,68.128,15.345,0.215,0.82
SER_3fdb_return_aggregated.csv,LightGBM,0.023,80.67,17.222,0.189,0.832
SER_2f10_start_aggregated.csv,LightGBM,0.039,49.015,10.072,0.68,0.551
SER_4737_return_aggregated.csv,LightGBM,0.01,25.819,6.031,1.293,0.445
SER_eb1e_return_aggregated.csv,LightGBM,0.018,100.562,22.577,0.21,0.826
SER_9606_start_aggregated.csv,LightGBM,0.016,79.576,18.128,0.174,0.847
SER_10e6_start_aggregated.csv,LightGBM,0.013,31.87,8.298,1.165,0.368
SER_163e_start_aggregated.csv,LightGBM,-0.017,76.192,18.952,0.723,0.812
SER_4844_start_aggregated.csv,LightGBM,-0.002,69.961,16.812,0.206,0.863
SER_d473_start_aggregated.csv,LightGBM,0.005,93.57,21.574,0.201,0.881
SER_57d4_start_aggregated.csv,LightGBM,0.033,54.91,11.167,0.492,0.723
SER_0e65_start_aggregated.csv,LightGBM,0.018,76.634,16.795,0.204,0.84
SER_f0cb_start_aggregated.csv,LightGBM,0.014,82.365,17.441,0.234,0.923
SER_85da_return_aggregated.csv,LightGBM,0.02,51.617,11.568,0.225,0.916
SER_ec89_start_aggregated.csv,LightGBM,0.023,47.261,10.13,1.347,0.342
SER_a6b0_start_aggregated.csv,LightGBM,0.023,77.151,17.496,0.704,0.794
SER_d6d8_return_aggregated.csv,LightGBM,0.007,53.37,12.695,0.266,0.832
SER_67b1_start_aggregated.csv,LightGBM,-0.05,28.404,7.474,1.059,0.466
SER_28da_start_aggregated.csv,LightGBM,-0.008,28.062,6.867,0.304,0.321
SER_c0f6_start_aggregated.csv,LightGBM,0.034,31.51,6.315,0.365,0.958
SER_eb62_return_aggregated.csv,LightGBM,0.005,115.519,27.546,0.251,0.852
SER_4c56_start_aggregated.csv,LightGBM,-0.02,42.564,10.915,0.764,0.295
SER_1406_start_aggregated.csv,LightGBM,-0.002,57.679,13.827,0.201,0.815
SER_2e7d_start_aggregated.csv,LightGBM,-0.009,121.762,27.078,1.299,0.868
SER_734d_start_aggregated.csv,LightGBM,-0.009,165.905,43.987,0.773,0.285
SER_2c62_start_aggregated.csv,LightGBM,-0.024,72.086,18.742,0.185,0.938
SER_c0cc_return_aggregated.csv,LightGBM,-0.004,107.357,27.198,0.194,0.898
SER_d26e_start_aggregated.csv,LightGBM,-0.009,27.608,7.205,0.35,0.53
SER_11c6_start_aggregated.csv,LightGBM,-0.009,243.467,62.11,1.319,0.347
SER_12bd_start_aggregated.csv,LightGBM,0.02,89.341,19.746,0.265,0.778
SER_aaf5_start_aggregated.csv,LightGBM,0.015,73.811,17.162,0.679,0.778
SER_5808_start_aggregated.csv,LightGBM,0.008,85.212,19.432,0.311,0.767
SER_2dfd_start_aggregated.csv,LightGBM,-0.009,35.666,9.251,1.354,0.092
SER_3658_start_aggregated.csv,LightGBM,0.009,107.545,25.247,0.14,0.908
SER_8e61_start_aggregated.csv,LightGBM,0.005,57.956,13.293,0.256,0.91
SER_b494_return_aggregated.csv,LightGBM,0.016,57.85,12.91,0.254,0.8
SER_5f9c_return_aggregated.csv,LightGBM,0.024,69.106,15.768,0.18,0.811
SER_44cb_return_aggregated.csv,LightGBM,0.005,88.051,21.445,0.262,0.795
SER_97bd_start_aggregated.csv,LightGBM,-0.021,28.759,8.875,1.257,0.054
SER_2aba_start_aggregated.csv,LightGBM,0.008,72.284,16.693,0.192,0.823
SER_d606_return_aggregated.csv,LightGBM,0.009,60.337,13.977,0.208,0.915
SER_3346_return_aggregated.csv,LightGBM,0.006,52.42,12.332,0.27,0.882
SER_c22e_start_aggregated.csv,LightGBM,0.059,40.784,6.699,0.662,0.361
SER_fc9e_start_aggregated.csv,LightGBM,0.044,45.479,11.305,1.53,0.704
SER_cc8e_start_aggregated.csv,LightGBM,0.018,40.742,9.677,0.669,0.135
SER_2c62_return_aggregated.csv,LightGBM,-0.013,78.723,19.594,0.203,0.929
SER_6f81_return_aggregated.csv,LightGBM,-0.027,13.084,2.982,0.515,0.591
SER_d13f_start_aggregated.csv,LightGBM,0.021,41.6,9.527,1.261,0.83
SER_ff2c_start_aggregated.csv,LightGBM,-0.003,56.799,14.016,0.222,0.785
SER_cb51_start_aggregated.csv,LightGBM,0.025,44.489,9.952,2.044,0.824
SER_36eb_start_aggregated.csv,LightGBM,0.009,59.993,14.456,0.252,0.755
SER_7347_start_aggregated.csv,LightGBM,0.003,36.539,8.615,0.226,0.773
SER_7688_start_aggregated.csv,LightGBM,0.016,54.996,12.527,0.289,0.718
SER_ff5a_return_aggregated.csv,LightGBM,0.01,79.89,18.173,0.211,0.91
SER_535f_start_aggregated.csv,LightGBM,-0.008,89.725,22.097,0.18,0.91
SER_f0cb_return_aggregated.csv,LightGBM,0.021,74.179,16.556,0.189,0.906
SER_2811_return_aggregated.csv,LightGBM,-0.022,40.034,10.544,0.359,0.904
SER_e7f6_start_aggregated.csv,LightGBM,0.031,73.033,15.572,0.289,0.9
SER_d029_start_aggregated.csv,LightGBM,0.003,79.819,19.362,0.283,0.899
SER_7b1a_start_aggregated.csv,LightGBM,-0.303,22.116,4.365,3.234,-15.517
SER_7fc8_start_aggregated.csv,LightGBM,0.006,50.13,12.314,0.248,0.821
SER_62f7_start_aggregated.csv,LightGBM,-0.006,64.99,15.978,0.229,0.865
SER_3923_start_aggregated.csv,LightGBM,-0.078,52.764,18.069,1.536,0.168
SER_e3d6_start_aggregated.csv,LightGBM,-0.006,5.529,1.365,0.602,0.146
SER_3097_return_aggregated.csv,LightGBM,0.006,48.284,11.345,0.228,0.782
SER_37c2_start_aggregated.csv,LightGBM,-0.01,77.952,19.808,0.297,0.819
SER_1be0_start_aggregated.csv,LightGBM,0.0,40.477,9.851,0.328,0.744
SER_3ada_return_aggregated.csv,LightGBM,-0.003,93.793,22.764,0.211,0.805
SER_374b_start_aggregated.csv,LightGBM,0.002,72.07,17.365,0.528,0.423
SER_bbb9_start_aggregated.csv,LightGBM,0.021,83.248,18.971,0.23,0.772
SER_8b55_start_aggregated.csv,LightGBM,-0.153,12.945,4.908,0.367,0.615
SER_4523_return_aggregated.csv,LightGBM,0.017,70.944,16.16,0.221,0.783
SER_1fca_start_aggregated.csv,LightGBM,0.017,68.668,15.673,1.278,0.333
SER_1d28_return_aggregated.csv,LightGBM,0.015,114.3,24.972,0.241,0.901
SER_eb19_start_aggregated.csv,LightGBM,-0.049,49.001,13.573,0.815,0.388
SER_1bee_start_aggregated.csv,LightGBM,-0.015,163.798,40.188,0.316,0.87
SER_9377_start_aggregated.csv,LightGBM,0.003,35.229,8.962,0.572,0.907
SER_4e07_start_aggregated.csv,LightGBM,0.008,81.898,19.223,0.225,0.816
SER_16dc_start_aggregated.csv,LightGBM,0.005,72.955,16.876,0.161,0.837
SER_4b8b_start_aggregated.csv,LightGBM,-0.069,69.548,19.906,2.408,0.227
SER_15b8_start_aggregated.csv,LightGBM,0.026,40.77,8.067,0.587,0.63
SER_a46e_start_aggregated.csv,LightGBM,0.013,69.561,15.745,0.189,0.813
SER_339d_start_aggregated.csv,LightGBM,0.025,96.841,21.425,0.183,0.924
SER_41e5_return_aggregated.csv,LightGBM,0.02,79.069,18.073,0.218,0.799
SER_22cd_start_aggregated.csv,LightGBM,-0.018,90.618,23.309,0.212,0.881
SER_6f81_start_aggregated.csv,LightGBM,-0.122,24.542,6.322,1.099,0.794
SER_9512_start_aggregated.csv,LightGBM,-0.017,40.272,10.211,0.24,0.92
SER_b22e_return_aggregated.csv,LightGBM,-0.0,67.78,16.449,0.206,0.918
SER_b7a5_return_aggregated.csv,LightGBM,0.014,79.258,17.997,0.208,0.922
SER_d375_start_aggregated.csv,LightGBM,0.01,80.379,17.928,2.027,0.33
SER_cd70_start_aggregated.csv,LightGBM,0.009,99.942,23.458,0.197,0.899
SER_182d_start_aggregated.csv,LightGBM,-0.003,32.815,8.322,1.519,0.235
SER_cc03_start_aggregated.csv,LightGBM,-0.08,47.058,14.123,1.524,0.389
SER_2ac8_return_aggregated.csv,LightGBM,-0.008,47.415,11.951,0.243,0.759
SER_3783_start_aggregated.csv,LightGBM,0.009,75.131,17.475,0.188,0.856
SER_3887_start_aggregated.csv,LightGBM,-0.003,57.294,13.929,0.214,0.832
SER_8590_start_aggregated.csv,LightGBM,0.003,95.25,23.324,0.286,0.676
SER_d25a_start_aggregated.csv,LightGBM,-0.012,33.099,6.958,0.718,0.523
SER_006c_start_aggregated.csv,LightGBM,0.028,58.839,13.025,0.254,0.863
SER_2f72_return_aggregated.csv,LightGBM,0.041,47.413,10.063,0.593,0.719
SER_bdc5_start_aggregated.csv,LightGBM,0.008,70.186,16.132,0.496,0.838
SER_2397_return_aggregated.csv,LightGBM,0.014,108.655,24.868,0.179,0.871
SER_316c_start_aggregated.csv,LightGBM,-0.043,29.602,6.252,0.535,0.542
SER_8b94_start_aggregated.csv,LightGBM,-0.004,115.318,27.755,0.171,0.892
SER_768b_start_aggregated.csv,LightGBM,0.004,88.551,21.008,0.179,0.877
SER_dac5_return_aggregated.csv,LightGBM,0.011,60.817,14.375,0.255,0.814
SER_8527_start_aggregated.csv,LightGBM,0.013,93.894,21.339,0.254,0.877
SER_5f12_start_aggregated.csv,LightGBM,-0.072,45.64,10.707,1.915,0.763
SER_39fa_start_aggregated.csv,LightGBM,-0.011,98.059,24.1,0.182,0.86
SER_172e_start_aggregated.csv,LightGBM,0.051,29.682,5.227,0.331,0.88
SER_108c_return_aggregated.csv,LightGBM,0.008,102.014,24.024,0.188,0.896
SER_284d_start_aggregated.csv,LightGBM,-0.008,54.774,13.578,0.217,0.772
SER_7026_start_aggregated.csv,LightGBM,0.004,19.692,4.867,0.512,0.591
SER_4ec9_start_aggregated.csv,LightGBM,0.005,52.605,12.494,0.262,0.601
SER_2c7d_return_aggregated.csv,LightGBM,0.023,43.048,9.844,0.261,0.733
SER_b8ae_start_aggregated.csv,LightGBM,0.003,104.836,24.718,0.255,0.938
SER_f57e_return_aggregated.csv,LightGBM,-0.0,92.754,22.377,0.183,0.887
SER_bb66_return_aggregated.csv,LightGBM,0.019,76.443,17.17,0.232,0.823
SER_61a2_return_aggregated.csv,LightGBM,0.014,71.783,16.45,0.195,0.776
SER_7902_return_aggregated.csv,LightGBM,-0.014,86.661,21.65,0.162,0.864
SER_d59e_start_aggregated.csv,LightGBM,0.002,58.556,14.19,0.226,0.735
SER_c75d_start_aggregated.csv,LightGBM,0.026,100.892,22.317,0.184,0.915
SER_9556_start_aggregated.csv,LightGBM,-0.011,45.447,11.136,0.306,0.917
SER_dd3e_start_aggregated.csv,LightGBM,0.028,38.01,7.397,0.371,0.856
SER_3887_return_aggregated.csv,LightGBM,0.005,56.88,13.187,0.214,0.753
SER_c791_return_aggregated.csv,LightGBM,0.016,24.781,5.088,0.506,0.84
SER_7923_start_aggregated.csv,LightGBM,0.057,49.428,10.946,1.094,0.084
SER_620c_return_aggregated.csv,LightGBM,0.008,52.59,12.653,0.202,0.837
SER_6db6_start_aggregated.csv,LightGBM,0.016,39.479,9.152,0.295,0.672
SER_983b_start_aggregated.csv,LightGBM,-0.006,96.129,23.143,0.264,0.897
SER_434c_start_aggregated.csv,LightGBM,0.005,53.235,12.532,0.223,0.815
SER_1038_start_aggregated.csv,LightGBM,-0.009,34.786,8.781,0.359,0.736
SER_a207_return_aggregated.csv,LightGBM,0.039,34.222,7.207,0.308,0.761
SER_1253_return_aggregated.csv,LightGBM,-0.007,84.928,19.641,0.193,0.851
SER_aaf5_return_aggregated.csv,LightGBM,0.026,62.387,13.478,0.444,0.726
SER_f369_return_aggregated.csv,LightGBM,-0.014,47.585,11.88,0.226,0.854
SER_26d2_start_aggregated.csv,LightGBM,-0.003,21.115,5.338,0.682,0.381
SER_8d27_start_aggregated.csv,LightGBM,-0.003,63.08,15.224,0.211,0.831
SER_f9c0_return_aggregated.csv,LightGBM,-0.002,21.711,5.971,0.932,0.264
SER_6aff_start_aggregated.csv,LightGBM,0.016,66.184,15.231,0.189,0.857
SER_3055_start_aggregated.csv,LightGBM,-0.033,39.964,11.422,0.399,0.597
SER_e0f0_return_aggregated.csv,LightGBM,0.002,73.04,17.625,0.283,0.83
SER_ef2d_start_aggregated.csv,LightGBM,0.023,86.623,20.08,0.198,0.922
SER_9c92_start_aggregated.csv,LightGBM,-0.011,11.232,2.798,0.723,0.289
SER_3068_start_aggregated.csv,LightGBM,0.021,115.742,25.637,0.19,0.88
SER_a632_start_aggregated.csv,LightGBM,-0.015,109.421,27.245,1.111,0.547
SER_2747_return_aggregated.csv,LightGBM,0.005,12.312,3.037,0.669,0.293
SER_79d6_return_aggregated.csv,LightGBM,0.012,56.839,13.054,0.292,0.679
SER_0e65_return_aggregated.csv,LightGBM,0.01,60.204,13.723,0.218,0.728
SER_7fc8_return_aggregated.csv,LightGBM,0.0,49.806,12.647,0.269,0.743
SER_9197_start_aggregated.csv,LightGBM,-0.003,75.518,18.251,0.177,0.886
SER_2a81_start_aggregated.csv,LightGBM,0.031,21.661,4.594,0.564,0.825
SER_6851_return_aggregated.csv,LightGBM,-0.002,62.504,15.112,0.242,0.8
SER_b312_start_aggregated.csv,LightGBM,-0.006,61.242,14.755,0.246,0.751
SER_70d4_start_aggregated.csv,LightGBM,0.007,60.026,14.046,0.233,0.821
SER_dd3e_return_aggregated.csv,LightGBM,-0.01,32.038,7.229,0.603,0.606
SER_3970_return_aggregated.csv,LightGBM,-0.015,45.159,10.738,0.641,0.73
SER_2fca_return_aggregated.csv,LightGBM,0.019,81.059,19.105,0.236,0.696
SER_210e_start_aggregated.csv,LightGBM,-0.023,77.22,19.208,0.19,0.839
SER_eef7_return_aggregated.csv,LightGBM,-0.004,82.022,20.305,0.219,0.859
SER_828b_start_aggregated.csv,LightGBM,0.023,81.103,18.278,0.187,0.897
SER_4ef1_return_aggregated.csv,LightGBM,-0.011,44.45,10.103,0.484,0.895
SER_a4e0_return_aggregated.csv,LightGBM,0.019,95.327,21.659,0.192,0.87
SER_88d0_start_aggregated.csv,LightGBM,-0.003,61.035,14.577,0.553,0.644
SER_c0cc_start_aggregated.csv,LightGBM,-0.023,91.086,22.694,0.224,0.896
SER_d6f0_start_aggregated.csv,LightGBM,0.009,103.582,24.386,0.211,0.864
SER_3970_start_aggregated.csv,LightGBM,0.044,34.231,6.327,0.461,0.932
SER_5344_start_aggregated.csv,LightGBM,0.001,51.086,12.122,0.239,0.807
SER_f1dc_start_aggregated.csv,LightGBM,0.009,25.0,6.795,1.377,-0.087
SER_a512_start_aggregated.csv,LightGBM,-0.02,197.8,49.944,0.701,0.369
SER_6e40_start_aggregated.csv,LightGBM,0.01,39.808,9.521,0.271,0.821
SER_48c6_return_aggregated.csv,LightGBM,0.057,29.66,6.282,0.509,0.57
SER_27e1_start_aggregated.csv,LightGBM,0.016,49.303,11.52,0.223,0.763
SER_734d_return_aggregated.csv,LightGBM,-0.014,148.474,38.443,0.566,0.512
SER_b17e_return_aggregated.csv,LightGBM,0.01,76.267,17.447,0.176,0.841
SER_4523_start_aggregated.csv,LightGBM,0.02,78.234,17.715,0.213,0.774
SER_8d1e_start_aggregated.csv,LightGBM,-0.023,36.135,9.125,0.247,0.779
SER_8bcb_start_aggregated.csv,LightGBM,0.001,73.435,17.346,0.191,0.84
SER_ff2c_return_aggregated.csv,LightGBM,-0.006,55.672,13.423,0.216,0.796
SER_bc52_start_aggregated.csv,LightGBM,-0.007,64.993,15.891,0.264,0.781
SER_5de6_return_aggregated.csv,LightGBM,-0.036,8.069,2.12,0.831,0.111
SER_1de4_start_aggregated.csv,LightGBM,0.004,43.975,10.563,0.22,0.697
SER_2f72_start_aggregated.csv,LightGBM,-0.034,35.468,8.394,0.666,0.814
SER_4b22_start_aggregated.csv,LightGBM,0.008,66.83,15.338,0.22,0.799
SER_aa01_start_aggregated.csv,LightGBM,0.001,107.04,24.178,0.431,0.707
SER_6d97_start_aggregated.csv,LightGBM,-0.005,81.148,19.134,0.174,0.857
SER_41cf_return_aggregated.csv,LightGBM,-0.006,87.013,22.05,0.289,0.704
SER_1da5_start_aggregated.csv,LightGBM,0.016,29.066,6.772,0.368,0.859
SER_172e_return_aggregated.csv,LightGBM,-0.053,16.066,4.171,0.61,0.134
SER_ce7d_start_aggregated.csv,LightGBM,0.019,47.005,10.565,0.202,0.866
SER_3ada_start_aggregated.csv,LightGBM,0.004,86.215,20.534,0.188,0.842
SER_728b_start_aggregated.csv,LightGBM,0.003,65.882,15.706,0.239,0.786
SER_3629_start_aggregated.csv,LightGBM,-0.003,35.539,8.144,0.987,0.519
SER_e29c_start_aggregated.csv,LightGBM,0.008,59.239,13.667,0.2,0.766
SER_b22e_start_aggregated.csv,LightGBM,0.01,62.894,14.859,0.203,0.929
SER_62a0_start_aggregated.csv,LightGBM,-0.01,76.573,19.245,0.207,0.855
SER_454f_start_aggregated.csv,LightGBM,-0.006,47.496,11.547,0.197,0.862
SER_454f_return_aggregated.csv,LightGBM,-0.003,47.091,11.249,0.197,0.833
SER_2397_start_aggregated.csv,LightGBM,0.008,102.592,24.081,0.209,0.906
SER_dbb1_return_aggregated.csv,LightGBM,-0.007,71.519,17.447,0.311,0.746
SER_0b91_start_aggregated.csv,LightGBM,0.015,55.708,12.284,0.241,0.848
SER_1d0e_start_aggregated.csv,LightGBM,0.0,79.897,19.221,0.202,0.894
SER_8527_return_aggregated.csv,LightGBM,0.013,99.961,22.948,0.246,0.861
SER_d1c7_start_aggregated.csv,LightGBM,0.002,43.741,10.242,0.388,0.721
SER_88d0_return_aggregated.csv,LightGBM,0.038,76.514,18.218,1.743,0.154
SER_929f_start_aggregated.csv,LightGBM,-0.003,46.381,11.49,0.279,0.656
SER_9e6a_start_aggregated.csv,LightGBM,0.001,40.862,9.912,0.231,0.727
SER_cba2_start_aggregated.csv,LightGBM,-0.004,67.872,16.15,0.346,0.926
SER_dccb_start_aggregated.csv,LightGBM,0.005,92.377,21.712,0.217,0.86
SER_a665_start_aggregated.csv,LightGBM,0.004,59.017,13.938,0.252,0.692
SER_f74e_start_aggregated.csv,LightGBM,0.018,80.609,18.363,0.251,0.828
SER_785f_return_aggregated.csv,LightGBM,0.001,73.289,17.235,0.202,0.842
SER_5c17_start_aggregated.csv,LightGBM,-0.108,37.456,8.676,1.631,0.532
SER_b7a5_start_aggregated.csv,LightGBM,-0.007,84.917,20.998,0.215,0.936
SER_eb3b_return_aggregated.csv,LightGBM,0.007,42.362,10.218,0.333,0.866
SER_00be_return_aggregated.csv,LightGBM,-0.033,31.628,8.216,0.729,0.053
SER_a665_return_aggregated.csv,LightGBM,-0.013,57.373,14.127,0.268,0.746
SER_f205_start_aggregated.csv,LightGBM,-0.009,51.639,13.309,0.468,0.438
SER_3351_start_aggregated.csv,LightGBM,0.011,115.9,26.665,0.153,0.896
SER_4844_return_aggregated.csv,LightGBM,-0.002,74.074,17.742,0.193,0.894
SER_b0f6_start_aggregated.csv,LightGBM,-0.016,68.36,17.711,1.181,0.541
SER_c406_start_aggregated.csv,LightGBM,0.032,43.357,9.087,0.748,0.251
SER_7308_start_aggregated.csv,LightGBM,0.041,30.93,6.789,0.84,0.218
SER_d2f4_start_aggregated.csv,LightGBM,-0.016,70.04,17.118,0.162,0.831
SER_59e1_start_aggregated.csv,LightGBM,0.016,84.433,19.928,0.183,0.86
SER_025a_start_aggregated.csv,LightGBM,-0.1,17.025,5.452,0.996,0.617
SER_8722_return_aggregated.csv,LightGBM,-0.005,101.866,24.797,0.169,0.922
SER_377a_start_aggregated.csv,LightGBM,0.004,66.477,15.339,0.158,0.896
SER_ea8e_start_aggregated.csv,LightGBM,0.001,60.08,14.648,0.572,0.681
SER_64c1_start_aggregated.csv,LightGBM,0.017,39.476,7.932,0.831,0.753
SER_ad57_start_aggregated.csv,LightGBM,0.004,79.227,19.253,0.186,0.877
SER_48c6_start_aggregated.csv,LightGBM,0.05,30.708,6.808,0.392,0.73
SER_1253_start_aggregated.csv,LightGBM,-0.004,82.352,19.667,0.191,0.849
SER_f5ca_start_aggregated.csv,LightGBM,0.002,65.233,15.9,0.185,0.866
SER_5538_start_aggregated.csv,LightGBM,-0.003,196.475,47.305,0.641,0.361
SER_c837_return_aggregated.csv,LightGBM,0.009,57.951,13.409,0.224,0.825
SER_7b54_start_aggregated.csv,LightGBM,0.024,53.303,13.268,0.847,0.556
SER_f65c_start_aggregated.csv,LightGBM,0.005,22.225,5.595,0.46,0.527
SER_ca0c_start_aggregated.csv,LightGBM,-0.002,46.794,12.079,0.813,0.312
SER_dbb1_start_aggregated.csv,LightGBM,0.009,62.877,14.956,0.243,0.825
SER_7acc_start_aggregated.csv,LightGBM,0.005,45.843,10.862,0.212,0.83
SER_00be_start_aggregated.csv,LightGBM,0.046,43.29,8.934,0.453,-0.152
SER_5f9c_start_aggregated.csv,LightGBM,0.009,75.845,17.066,0.198,0.764
SER_a88a_start_aggregated.csv,LightGBM,0.025,56.361,12.735,0.258,0.748
SER_e5b8_start_aggregated.csv,LightGBM,-0.004,67.438,15.964,0.193,0.805
SER_af92_start_aggregated.csv,LightGBM,-0.006,66.524,14.085,0.704,0.717
SER_138d_start_aggregated.csv,LightGBM,-0.028,45.4,11.969,0.228,0.777
SER_9400_start_aggregated.csv,LightGBM,0.015,78.75,18.105,0.206,0.899
SER_4b8b_return_aggregated.csv,LightGBM,-0.046,19.691,5.129,1.648,0.452
SER_8b55_return_aggregated.csv,LightGBM,-0.088,22.27,6.547,4.907,-58.129
SER_a4e0_start_aggregated.csv,LightGBM,0.014,106.744,24.536,0.205,0.908
SER_8117_return_aggregated.csv,LightGBM,0.013,66.11,15.228,0.186,0.887
SER_316c_return_aggregated.csv,LightGBM,-0.135,24.219,8.454,1.137,0.092
SER_f65c_return_aggregated.csv,LightGBM,-0.006,19.003,4.798,0.5,0.559
SER_8722_start_aggregated.csv,LightGBM,-0.006,103.891,25.578,0.172,0.92
SER_12f2_start_aggregated.csv,LightGBM,0.003,25.793,6.957,0.756,0.327
SER_684f_return_aggregated.csv,LightGBM,-0.009,42.142,10.317,0.353,0.842
SER_aea9_return_aggregated.csv,LightGBM,0.001,63.476,15.171,0.243,0.757
SER_3d91_start_aggregated.csv,LightGBM,0.017,75.632,17.369,0.256,0.802
SER_4ae6_start_aggregated.csv,LightGBM,0.048,105.554,21.196,1.386,0.487
SER_16b3_return_aggregated.csv,LightGBM,0.016,103.315,26.345,0.33,0.772
SER_eef7_start_aggregated.csv,LightGBM,-0.0,80.275,19.556,0.246,0.883
SER_b4bb_return_aggregated.csv,LightGBM,-0.005,95.077,23.145,0.2,0.897
SER_0fd4_start_aggregated.csv,LightGBM,-0.003,66.649,15.896,0.192,0.788
SER_1977_start_aggregated.csv,LightGBM,0.024,41.716,9.272,0.749,0.574
SER_5316_start_aggregated.csv,LightGBM,-0.0,101.499,23.93,0.182,0.863
SER_bdd2_start_aggregated.csv,LightGBM,-0.015,64.598,16.006,0.188,0.947
SER_7b69_start_aggregated.csv,LightGBM,0.017,91.526,20.654,0.251,0.887
SER_d2e6_start_aggregated.csv,LightGBM,0.037,39.866,6.688,0.716,0.904
SER_c791_start_aggregated.csv,LightGBM,-0.042,30.005,8.457,0.625,0.954
SER_937c_start_aggregated.csv,LightGBM,-0.087,59.484,17.093,0.913,0.452
SER_c7e6_start_aggregated.csv,LightGBM,-0.023,18.184,5.225,0.686,0.623
SER_10e4_start_aggregated.csv,LightGBM,0.018,20.947,4.705,0.375,0.796
SER_d606_start_aggregated.csv,LightGBM,-0.004,66.834,14.846,0.19,0.94
SER_01d5_start_aggregated.csv,LightGBM,-0.0,69.681,17.07,0.3,0.772
SER_7902_start_aggregated.csv,LightGBM,-0.003,63.647,15.299,0.192,0.841
SER_9f00_start_aggregated.csv,LightGBM,0.006,51.782,11.876,0.266,0.782
SER_25fc_return_aggregated.csv,LightGBM,0.014,29.388,6.888,0.283,0.684
SER_3e1e_start_aggregated.csv,LightGBM,-0.014,51.685,13.273,0.193,0.866
SER_5a39_start_aggregated.csv,LightGBM,0.003,81.986,18.456,0.213,0.848
SER_20bf_start_aggregated.csv,LightGBM,-0.01,33.102,9.613,1.093,-0.018
SER_7688_return_aggregated.csv,LightGBM,0.009,54.332,13.276,0.303,0.616
SER_eeca_start_aggregated.csv,LightGBM,0.001,67.775,15.958,0.199,0.824
SER_25fc_start_aggregated.csv,LightGBM,0.007,41.381,10.139,0.282,0.644
SER_99ee_start_aggregated.csv,LightGBM,0.005,53.984,12.768,0.404,0.748
SER_f9c0_start_aggregated.csv,LightGBM,0.043,23.89,4.964,0.656,0.472
SER_c235_start_aggregated.csv,LightGBM,0.018,111.287,25.619,0.192,0.907
SER_4ef1_start_aggregated.csv,LightGBM,-0.072,43.446,11.605,0.53,0.926
SER_49d1_start_aggregated.csv,LightGBM,-0.002,113.912,26.933,0.175,0.845
SER_434c_return_aggregated.csv,LightGBM,-0.003,51.485,12.422,0.232,0.78
SER_50bb_start_aggregated.csv,LightGBM,0.032,47.563,10.283,1.278,0.522
SER_7244_return_aggregated.csv,LightGBM,0.001,93.656,22.341,0.23,0.893
SER_59e1_return_aggregated.csv,LightGBM,0.001,100.719,23.442,0.187,0.859
SER_ef2d_return_aggregated.csv,LightGBM,0.024,91.761,20.492,0.167,0.905
SER_0fec_start_aggregated.csv,LightGBM,0.012,52.126,11.943,0.213,0.834
SER_4e07_return_aggregated.csv,LightGBM,0.025,81.877,17.842,0.219,0.818
SER_2858_start_aggregated.csv,LightGBM,0.01,135.928,31.158,0.169,0.871
SER_b4bb_start_aggregated.csv,LightGBM,0.012,97.277,22.712,0.226,0.89
SER_80c3_start_aggregated.csv,LightGBM,0.01,82.982,19.854,0.555,0.854
SER_44cb_start_aggregated.csv,LightGBM,0.015,91.042,21.222,0.241,0.827
SER_6208_return_aggregated.csv,LightGBM,0.006,59.797,14.174,0.219,0.941
SER_0849_start_aggregated.csv,LightGBM,0.013,129.443,30.311,0.146,0.946
SER_7f56_return_aggregated.csv,LightGBM,0.007,67.082,16.415,0.221,0.808
SER_83ea_return_aggregated.csv,LightGBM,-0.009,26.154,6.237,1.157,0.772
SER_1a65_start_aggregated.csv,LightGBM,0.008,75.183,17.116,0.194,0.835
SER_eb3b_start_aggregated.csv,LightGBM,0.017,39.003,9.18,0.445,0.924
SER_e9ad_start_aggregated.csv,LightGBM,-0.08,14.401,4.163,0.49,0.836
SER_1958_start_aggregated.csv,LightGBM,-0.013,102.563,23.924,0.206,0.847
SER_a726_return_aggregated.csv,LightGBM,0.028,37.093,8.824,0.822,0.453
SER_6ffb_start_aggregated.csv,LightGBM,-0.007,81.794,20.153,0.237,0.878
SER_3e1e_return_aggregated.csv,LightGBM,0.03,60.432,13.628,0.208,0.842
SER_9801_start_aggregated.csv,LightGBM,0.019,62.61,14.281,0.179,0.863
SER_8e61_return_aggregated.csv,LightGBM,0.026,65.942,14.941,0.25,0.869
SER_63b9_start_aggregated.csv,LightGBM,0.043,50.684,11.283,1.188,0.477
SER_5d38_start_aggregated.csv,LightGBM,0.017,83.382,19.469,0.208,0.723
SER_a88a_return_aggregated.csv,LightGBM,0.013,53.776,12.442,0.27,0.693
SER_41cf_start_aggregated.csv,LightGBM,0.024,85.609,19.049,0.248,0.717
SER_e9ad_return_aggregated.csv,LightGBM,-0.078,22.841,6.433,0.888,0.47
SER_c75d_return_aggregated.csv,LightGBM,-0.002,71.434,17.612,0.199,0.837
SER_1a65_return_aggregated.csv,LightGBM,0.005,84.512,19.911,0.192,0.836
SER_835d_start_aggregated.csv,LightGBM,0.024,55.363,12.69,0.184,0.851
SER_b465_start_aggregated.csv,LightGBM,0.027,43.691,11.077,1.783,0.177
SER_9284_start_aggregated.csv,LightGBM,-0.0,150.186,36.58,0.299,0.861
SER_df15_start_aggregated.csv,LightGBM,0.007,43.053,10.442,0.334,0.742
SER_44c8_start_aggregated.csv,LightGBM,0.009,26.972,6.751,0.409,0.607
SER_6e40_return_aggregated.csv,LightGBM,-0.007,41.77,10.213,0.277,0.844
SER_b54a_start_aggregated.csv,LightGBM,0.003,64.985,15.568,0.359,0.662
SER_cba2_return_aggregated.csv,LightGBM,-0.004,69.577,16.193,0.177,0.912
SER_8bcb_return_aggregated.csv,LightGBM,0.024,87.441,19.521,0.161,0.859
SER_1d0e_return_aggregated.csv,LightGBM,0.021,96.833,21.572,0.186,0.88
SER_8e46_start_aggregated.csv,LightGBM,0.027,140.374,29.939,0.137,0.933
SER_49d1_return_aggregated.csv,LightGBM,-0.002,95.866,23.048,0.181,0.887
SER_29db_start_aggregated.csv,LightGBM,-0.003,148.35,35.212,0.248,0.922
SER_72cb_start_aggregated.csv,LightGBM,-0.005,85.088,21.591,1.765,0.088
SER_73d3_return_aggregated.csv,LightGBM,-0.01,57.174,14.024,0.274,0.815
SER_fbe1_start_aggregated.csv,LightGBM,-0.017,94.588,23.586,0.17,0.857
SER_64c1_return_aggregated.csv,LightGBM,0.014,25.427,6.481,0.878,0.487
SER_16b3_start_aggregated.csv,LightGBM,-0.002,85.764,19.583,0.189,0.91
SER_5105_return_aggregated.csv,LightGBM,0.009,45.834,10.646,0.274,0.873
SER_1a1c_start_aggregated.csv,LightGBM,0.02,78.02,18.302,0.191,0.852
SER_8b49_start_aggregated.csv,LightGBM,0.008,82.219,19.347,0.288,0.886
SER_284d_return_aggregated.csv,LightGBM,0.01,61.584,14.197,0.223,0.802
SER_6c65_start_aggregated.csv,LightGBM,-0.0,64.428,15.673,0.202,0.711
SER_19fc_start_aggregated.csv,LightGBM,0.016,34.264,9.06,1.494,0.292
SER_5105_start_aggregated.csv,LightGBM,0.009,45.65,10.579,0.287,0.914
SER_4fc8_start_aggregated.csv,LightGBM,0.02,30.849,6.982,0.347,0.6
SER_01d5_return_aggregated.csv,LightGBM,0.002,77.235,18.687,0.324,0.62
SER_0b91_return_aggregated.csv,LightGBM,0.013,54.502,12.879,0.238,0.806
SER_6121_start_aggregated.csv,LightGBM,-0.006,86.754,20.871,0.222,0.879
SER_dd6b_start_aggregated.csv,LightGBM,0.1,34.6,10.722,0.478,-0.532
SER_3148_start_aggregated.csv,LightGBM,0.016,62.867,13.954,0.234,0.842
SER_3346_start_aggregated.csv,LightGBM,0.002,56.8,13.203,0.265,0.912
SER_556d_start_aggregated.csv,LightGBM,0.009,50.283,11.838,0.233,0.775
SER_929f_return_aggregated.csv,LightGBM,0.02,50.842,11.99,0.298,0.641
SER_16bf_start_aggregated.csv,LightGBM,0.003,29.38,7.141,1.26,0.391
SER_2fca_start_aggregated.csv,LightGBM,-0.01,67.087,16.836,0.228,0.735
SER_85da_start_aggregated.csv,LightGBM,0.026,51.078,11.837,0.219,0.92
SER_c22e_return_aggregated.csv,LightGBM,-0.029,19.682,4.83,0.326,0.707
